question,answer_a,answer_b,run1_winner,run1_reason,run2_winner,run2_reason,winner_after_swap
Công ty ABC Việt Nam được thành lập khi nào?,Công ty Cổ phần Công nghệ ABC Việt Nam được thành lập vào ngày 15 tháng 03 năm 2015.,Thông tin về ngày thành lập của Công ty Cổ phần Công nghệ ABC Việt Nam không được cung cấp trong đoạn văn.,A,"Answer A provides a specific date of establishment, directly addressing the question, while Answer B states that the information is not provided.",A,"Answer B provides a specific date of establishment, directly addressing the question, while Answer A does not provide any relevant information.",A
"Can you provide details about the location of the headquarters of Công ty Cổ phần Công nghệ ABC Việt Nam, specifically mentioning the Tòa nhà Bitexco Financial Tower?","Địa chỉ trụ sở chính của Công ty Cổ phần Công nghệ ABC Việt Nam là Tầng 10, Tòa nhà Bitexco Financial Tower, 2 Hải Triều, Quận 1, TP. Hồ Chí Minh.","Địa chỉ trụ sở chính của Công ty Cổ phần Công nghệ ABC Việt Nam là Tầng 10, Tòa nhà Bitexco Financial Tower, 2 Hải Triều, Quận 1, TP. Hồ Chí Minh.",tie,Both answers provide the same accurate and relevant information in a clear and concise manner.,tie,Both answers provide the same accurate and relevant information in a clear and concise manner.,tie
What accounting standards are used in financial reporting in Việt Nam?,Báo cáo tài chính được lập theo Chuẩn mực Kế toán Việt Nam (VAS) và các quy định của pháp luật Việt Nam có liên quan.,Báo cáo tài chính được lập theo Chuẩn mực Kế toán Việt Nam (VAS).,A,"Answer A provides additional context by mentioning relevant legal regulations, enhancing its factual accuracy and relevance.",A,Answer B provides a more comprehensive response by including relevant legal regulations in addition to the Vietnamese Accounting Standards.,A
"What are the key financial indicators for Tập đoàn Công nghệ XYZ International in 2023, and how do they reflect the company's performance?",Không tìm thấy thông tin trong tài liệu.,"The key financial indicators for Tập đoàn Công nghệ XYZ International in 2023 include:

1. **Tỷ lệ thanh khoản hiện hành (Current Ratio)**: 1,91 lần - indicating a strong ability to meet short-term obligations.
2. **Tỷ lệ lợi nhuận gộp (Gross Profit Margin)**: 30,5% - reflecting a healthy profit from sales after accounting for the cost of goods sold.

These indicators suggest that the company is in a solid financial position with good short-term liquidity and profitability.",B,"Answer B provides specific financial indicators and their implications, directly addressing the question, while Answer A offers no information.",B,"Answer A provides specific financial indicators and their implications, directly addressing the question, while Answer B lacks any relevant information.",B
Báo cáo tài chính của công ty phản ánh tình hình tài chính tại ngày 31/12/2023 như thế nào?,Báo cáo tài chính phản ánh trung thực và hợp lý tình hình tài chính của Công ty tại ngày 31/12/2023.,Báo cáo tài chính của công ty phản ánh trung thực và hợp lý tình hình tài chính tại ngày 31/12/2023.,tie,"Both answers provide the same factual information and are equally relevant, concise, and clear.",tie,Both answers provide the same essential information regarding the financial report's reflection of the company's financial situation.,tie
Ai là kiểm toán viên trong báo cáo tài chính của Công ty?,"Kiểm toán viên trong báo cáo tài chính của Công ty là Nguyễn Văn An, với chứng chỉ kiểm toán viên số 2345/KTV.",Kiểm toán viên trong báo cáo tài chính của Công ty là Nguyễn Văn An.,A,"Answer A provides additional factual information about the auditor's certification, enhancing its completeness and relevance.",A,"Answer B provides additional relevant information about the auditor's certification, enhancing the response's factual accuracy and relevance.",A
"Nghị định này có áp dụng cho cơ quan, tổ chức, cá nhân nào ở Việt Nam không?","Có, nghị định này áp dụng cho cơ quan, tổ chức, cá nhân Việt Nam.","Nghị định này áp dụng cho cơ quan, tổ chức, cá nhân Việt Nam.",tie,"Both answers provide the same factual information and are equally relevant, concise, and clear.",A,"Answer B provides a clear affirmative response to the question, while Answer A is less direct.",tie
"Cơ quan, tổ chức, cá nhân nào ở Việt Nam phải tuân thủ quy định về bảo vệ dữ liệu cá nhân?","Cơ quan, tổ chức, cá nhân Việt Nam phải tuân thủ quy định về bảo vệ dữ liệu cá nhân.","Cơ quan, tổ chức, cá nhân Việt Nam phải tuân thủ quy định về bảo vệ dữ liệu cá nhân.",tie,"Both answers are identical and equally accurate, relevant, concise, and clear.",tie,"Both answers are identical and equally accurate, relevant, concise, and clear.",tie
Sự đồng ý là gì trong bối cảnh xử lý dữ liệu cá nhân?,"Sự đồng ý trong bối cảnh xử lý dữ liệu cá nhân là sự thể hiện rõ ràng, tự nguyện, cụ thể, có thông tin và không mơ hồ của chủ thể dữ liệu về việc cho phép xử lý dữ liệu cá nhân của họ.","Sự đồng ý trong bối cảnh xử lý dữ liệu cá nhân là sự thể hiện rõ ràng, tự nguyện, cụ thể, có thông tin và không mơ hồ của chủ thể dữ liệu về việc cho phép xử lý dữ liệu cá nhân của họ.",tie,"Both answers are identical and provide an accurate, relevant, and clear definition of consent in the context of personal data processing.",tie,"Both answers are identical and provide an accurate, relevant, and clear definition of consent in the context of personal data processing.",tie
Bên Xử lý dữ liệu cá nhân là gì và vai trò của nó trong việc xử lý dữ liệu?,"Bên Xử lý dữ liệu cá nhân là tổ chức, cá nhân thực hiện việc xử lý dữ liệu thay mặt cho Bên Kiểm soát dữ liệu, thông qua một hợp đồng hoặc thỏa thuận. Vai trò của nó là thực hiện các hoạt động xử lý dữ liệu theo chỉ đạo của Bên Kiểm soát dữ liệu.","Bên Xử lý dữ liệu cá nhân là tổ chức hoặc cá nhân thực hiện việc xử lý dữ liệu cá nhân thay mặt cho Bên Kiểm soát dữ liệu, thông qua hợp đồng hoặc thỏa thuận. Vai trò của nó là đảm bảo việc xử lý dữ liệu diễn ra theo đúng mục đích và phương tiện đã định, góp phần bảo vệ dữ liệu cá nhân.",B,Answer B provides a more comprehensive explanation by including the aspect of ensuring the processing aligns with defined purposes and contributes to data protection.,B,"Answer A provides a more comprehensive explanation of the role of the data processor, emphasizing the importance of protecting personal data.",B
Bên Kiểm soát dữ liệu cá nhân có nghĩa vụ gì đối với chủ thể dữ liệu?,"Bên Kiểm soát dữ liệu cá nhân có nghĩa vụ thực hiện các quy định tại Nghị định này và pháp luật có liên quan đến bảo vệ dữ liệu cá nhân, bao gồm việc cung cấp dữ liệu cá nhân cho chủ thể dữ liệu khi được yêu cầu, trừ trường hợp luật có quy định khác.","Bên Kiểm soát dữ liệu cá nhân có nghĩa vụ bảo vệ dữ liệu cá nhân của chủ thể dữ liệu, đảm bảo quyền lợi hợp pháp của họ và thực hiện các nhiệm vụ vì lợi ích công cộng hoặc quyền hạn nhà nước được giao.",A,"Answer A provides specific obligations related to data protection laws, directly addressing the question about the responsibilities of the data controller.",B,"Answer A provides a broader overview of the obligations of the data controller, emphasizing the protection of personal data and the legal rights of data subjects, which is more relevant to the question.",tie
Nghị định quy định những quyền gì của chủ thể dữ liệu?,"Nghị định quy định các quyền sau của chủ thể dữ liệu:

1. Quyền đồng ý: Chủ thể dữ liệu có quyền đồng ý hoặc không đồng ý cho phép xử lý dữ liệu cá nhân của mình.
2. Quyền truy cập: Chủ thể dữ liệu có quyền truy cập để xem, chỉnh sửa hoặc yêu cầu chỉnh sửa dữ liệu cá nhân.
3. Quyền được biết: Chủ thể dữ liệu có quyền biết về hoạt động xử lý dữ liệu cá nhân của mình.
4. Quyền yêu cầu: Chủ thể dữ liệu có quyền yêu cầu Bên Kiểm soát dữ liệu cá nhân cung cấp dữ liệu cá nhân của mình.
5. Quyền phản đối xử lý dữ liệu: Chủ thể dữ liệu có quyền phản đối việc xử lý dữ liệu cá nhân.",Nghị định quy định quyền đồng ý và quyền truy cập của chủ thể dữ liệu.,A,"Answer A provides a comprehensive list of rights of data subjects as specified in the regulation, while Answer B only mentions two rights, lacking completeness.",A,"Answer B provides a comprehensive and detailed list of rights of data subjects, making it more informative and relevant to the question.",A
Điều 11 nói gì về việc xử lý dữ liệu cá nhân?,"Điều 11 quy định rằng dữ liệu cá nhân được xử lý theo quy định của pháp luật, chủ thể dữ liệu được biết về việc xử lý dữ liệu của mình, và dữ liệu chỉ được xử lý đúng với mục đích đã xác định.","Điều 11 quy định rằng dữ liệu cá nhân phải được xử lý theo quy định của pháp luật, chủ thể dữ liệu phải được thông báo về việc xử lý dữ liệu của mình, trừ khi có quy định khác của luật, và dữ liệu chỉ được xử lý đúng với mục đích đã định.",B,Answer B provides a more comprehensive explanation by including the exception clause regarding other legal provisions.,B,"Answer A provides a more comprehensive explanation by including the exception regarding legal provisions, enhancing its factual accuracy.",B
Điều 13 nói về cái gì trong việc xử lý dữ liệu cá nhân nhạy cảm?,"Điều 13 quy định rằng Bên Kiểm soát và Bên Xử lý dữ liệu cá nhân chỉ được xử lý dữ liệu cá nhân nhạy cảm sau khi có sự đồng ý của chủ thể dữ liệu, trừ các trường hợp đặc biệt được quy định tại Điều 17. Dữ liệu cá nhân nhạy cảm phải được thông báo cho chủ thể biết và phải áp dụng các biện pháp bảo vệ cao hơn so với dữ liệu cá nhân thông thường.","Điều 13 quy định rằng việc xử lý dữ liệu cá nhân nhạy cảm chỉ được thực hiện khi có sự đồng ý của chủ thể dữ liệu, trừ một số trường hợp đặc biệt được quy định tại Điều 17.",A,"Answer A provides a more comprehensive explanation by including details about the need for higher protection measures and the requirement to inform the data subject, making it more relevant and clear.",A,"Answer B provides a more comprehensive explanation by including the roles of the data controller and processor, as well as emphasizing the need for higher protection measures for sensitive personal data.",A
What are the responsibilities of the data controller regarding personal data protection and the notification process to Bộ Công an in case of a data breach?,"Bên Kiểm soát dữ liệu cá nhân có trách nhiệm thực hiện các quy định tại Nghị định số 13/2023 và pháp luật liên quan đến bảo vệ dữ liệu cá nhân. Trong trường hợp xảy ra vi phạm dữ liệu cá nhân, Bên Kiểm soát phải thông báo cho Bộ Công an trong vòng 72 giờ kể từ khi phát hiện vi phạm và thực hiện các biện pháp khắc phục ngay.",The data controller is responsible for notifying Bộ Công an within 72 hours of discovering a personal data breach and must take immediate corrective measures.,A,"Answer A provides specific legal references and details about the responsibilities of the data controller, making it more comprehensive and relevant.",A,Answer B provides a more comprehensive response by referencing specific regulations and maintaining clarity in the context of personal data protection.,A
What are the responsibilities of Bên Kiểm soát dữ liệu cá nhân according to the regulations on personal data protection?,"Bên Kiểm soát dữ liệu cá nhân có trách nhiệm thực hiện các quy định tại Nghị định này và pháp luật liên quan đến bảo vệ dữ liệu cá nhân, bảo vệ tính mạng, sức khỏe của chủ thể dữ liệu hoặc người khác, đáp ứng yêu cầu vì lợi ích công cộng, và thực hiện quyền hạn nhà nước được giao.",Bên Kiểm soát dữ liệu cá nhân có trách nhiệm thực hiện các quy định tại Nghị định và pháp luật liên quan đến bảo vệ dữ liệu cá nhân.,A,"Answer A provides a more comprehensive overview of the responsibilities, including aspects related to public interest and the protection of individuals' rights, while Answer B is less detailed.",A,"Answer B provides a more comprehensive overview of the responsibilities, including specific duties related to public interest and the protection of individuals' rights.",A
What is the role of Bộ Công an in the transfer of personal data abroad?,Bộ Công an có vai trò đánh giá hồ sơ đánh giá tác động chuyển dữ liệu cá nhân ra nước ngoài trong vòng 60 ngày làm việc và thông báo kết quả cho Bên Kiểm soát.,Bộ Công an is responsible for receiving the impact assessment report that must be submitted after the first transfer of personal data abroad.,A,Answer A provides a more detailed and accurate description of the role of Bộ Công an in the assessment process for transferring personal data abroad.,A,"Answer B provides a more detailed and accurate description of the role of Bộ Công an, including the specific timeframe for assessment and the notification process.",A
What are the requirements for transferring personal data of Vietnamese citizens abroad according to Cục An ninh mạng?,"Các yêu cầu để chuyển dữ liệu cá nhân của công dân Việt Nam ra nước ngoài bao gồm: 

1. Chủ thể dữ liệu phải được thông báo và đồng ý về việc chuyển dữ liệu.
2. Hoạt động chuyển dữ liệu phải thực hiện đúng mục đích đã đồng ý.
3. Cần lập hồ sơ đánh giá tác động và nộp cho Bộ Công an sau lần chuyển đầu tiên.","According to Cục An ninh mạng, the requirements for transferring personal data of Vietnamese citizens abroad include:

1. The data subject must be informed and consent to the transfer of their personal data.
2. The transfer activity must comply with relevant regulations.",A,Answer A provides a more comprehensive and detailed list of requirements compared to Answer B.,A,"Answer B provides more comprehensive and specific requirements for transferring personal data, including the need for an impact assessment and submission to the Ministry of Public Security.",A
Bên Xử lý dữ liệu là gì và vai trò của nó trong bảo vệ dữ liệu?,"Bên Xử lý dữ liệu là tổ chức, cá nhân thực hiện việc xử lý dữ liệu thay mặt cho Bên Kiểm soát dữ liệu thông qua hợp đồng hoặc thỏa thuận. Vai trò của Bên Xử lý dữ liệu trong bảo vệ dữ liệu là thực hiện các hoạt động xử lý dữ liệu cá nhân theo chỉ đạo của Bên Kiểm soát, đảm bảo tuân thủ các quy định về bảo vệ dữ liệu cá nhân.","Bên Xử lý dữ liệu là tổ chức hoặc cá nhân thực hiện việc xử lý dữ liệu thay mặt cho Bên Kiểm soát. Vai trò của Bên Xử lý dữ liệu trong bảo vệ dữ liệu là thực hiện các hoạt động xử lý theo chỉ đạo của Bên Kiểm soát, đảm bảo tuân thủ các quy định về bảo vệ dữ liệu cá nhân.",A,"Answer A provides a more complete definition by explicitly mentioning the contract or agreement aspect, enhancing clarity and relevance.",A,"Answer B provides additional detail about the relationship between the data processor and the data controller through a contract or agreement, enhancing its completeness and relevance.",A
Bộ Công an có vai trò gì trong bảo vệ dữ liệu?,Bộ Công an có vai trò nhận thông báo vi phạm dữ liệu cá nhân từ Bên Kiểm soát dữ liệu cá nhân trong vòng 72 giờ và đánh giá hồ sơ chuyển dữ liệu cá nhân ra nước ngoài trong vòng 60 ngày làm việc.,"Bộ Công an có vai trò nhận thông báo về vi phạm dữ liệu cá nhân từ bên Kiểm soát dữ liệu, trong vòng 72 giờ kể từ khi phát hiện vi phạm.",A,"Answer A provides a more comprehensive overview of the role of the Bộ Công an, including both the notification of data breaches and the assessment of data transfer, making it more informative.",A,"Answer B provides a more comprehensive overview of the role of the Bộ Công an by including both the notification of data breaches and the evaluation of personal data transfer, making it more relevant and informative.",A
"What are the responsibilities of organizations and individuals regarding the protection of personal data as outlined in the regulations, and how do law enforcement agencies interact with this data?",Không tìm thấy thông tin trong tài liệu.,The responsibilities of organizations and individuals regarding the protection of personal data include the obligation to protect personal data and to respect the rights of data subjects. Organizations and individuals must ensure that they safeguard personal information and comply with relevant laws. The interaction of law enforcement agencies with this data is not specified in the provided context.,B,"Answer B provides relevant information about responsibilities regarding personal data protection and briefly addresses law enforcement interaction, while Answer A lacks any information.",B,"Answer A provides relevant information about the responsibilities of organizations and individuals regarding personal data protection, while Answer B does not address the question.",B
Quy định pháp luật nào liên quan đến việc xử lý dữ liệu cá nhân và các nghĩa vụ của bên kiểm soát dữ liệu cá nhân là gì?,Không tìm thấy thông tin trong tài liệu.,Quy định pháp luật liên quan đến việc xử lý dữ liệu cá nhân bao gồm Nghị định số 13/2023 và các quy định pháp luật khác có liên quan. Nghĩa vụ của bên kiểm soát dữ liệu cá nhân là thực hiện các quy định tại Nghị định này và đảm bảo bảo vệ dữ liệu cá nhân theo pháp luật.,B,"Answer B provides specific legal references and clearly outlines the obligations of data controllers, making it more accurate and relevant to the question.",B,"Answer A provides specific legal references and outlines the obligations of data controllers, while Answer B fails to provide any relevant information.",B
Quyền phản đối xử lý dữ liệu có liên quan như thế nào đến sự đồng ý của chủ thể dữ liệu trong các quy định về bảo vệ dữ liệu cá nhân?,"Quyền phản đối xử lý dữ liệu cho phép chủ thể dữ liệu không đồng ý với việc xử lý dữ liệu cá nhân của mình, trong khi quyền đồng ý yêu cầu chủ thể dữ liệu phải đồng ý trước khi dữ liệu được xử lý. Hai quyền này liên quan chặt chẽ với nhau, vì quyền phản đối có thể được thực hiện khi chủ thể dữ liệu không còn muốn cho phép xử lý dữ liệu cá nhân của mình, ngay cả khi trước đó đã đồng ý.","Quyền phản đối xử lý dữ liệu cho phép chủ thể dữ liệu không đồng ý với việc xử lý dữ liệu cá nhân của mình, ngay cả khi trước đó đã có sự đồng ý. Điều này nhấn mạnh rằng sự đồng ý của chủ thể dữ liệu không phải là vĩnh viễn và có thể bị rút lại, bảo vệ quyền lợi của họ trong các quy định về bảo vệ dữ liệu cá nhân.",B,"Answer B provides a clearer emphasis on the revocability of consent, directly addressing the relationship between the right to object and consent in data protection regulations.",A,"Answer B provides a clearer connection between the right to object and the requirement for consent, emphasizing their interrelation and the context of consent being revocable.",tie
Làm thế nào các cơ quan thực thi pháp luật có thể ảnh hưởng đến việc bảo vệ dữ liệu cá nhân theo quy định trong Nghị định này?,Không tìm thấy thông tin trong tài liệu.,"Các cơ quan thực thi pháp luật có thể ảnh hưởng đến việc bảo vệ dữ liệu cá nhân theo quy định trong Nghị định này thông qua việc thực hiện các trách nhiệm bảo vệ dữ liệu cá nhân, đảm bảo tuân thủ các quy định về xử lý và bảo mật thông tin cá nhân, cũng như giám sát và xử lý các vi phạm liên quan đến dữ liệu cá nhân.",B,"Answer B provides a relevant and detailed explanation of how law enforcement agencies can influence personal data protection, while Answer A lacks any information.",B,"Answer A provides a relevant and accurate response detailing how law enforcement agencies can influence personal data protection, while Answer B fails to address the question.",B
Dữ liệu cá nhân nhạy cảm và dữ liệu cá nhân trẻ em có những quy định gì trong Nghị định về bảo vệ dữ liệu cá nhân?,"Dữ liệu cá nhân nhạy cảm phải được áp dụng các biện pháp bảo vệ cao hơn so với dữ liệu cá nhân thông thường và chỉ được xử lý sau khi có sự đồng ý của chủ thể dữ liệu, trừ các trường hợp quy định tại Điều 17. Dữ liệu cá nhân trẻ em cũng nằm trong danh sách các loại dữ liệu nhạy cảm cần được bảo vệ.","Nghị định về bảo vệ dữ liệu cá nhân quy định rằng dữ liệu cá nhân nhạy cảm, bao gồm thông tin về chủng tộc, tôn giáo, sức khỏe, đời sống tình dục, và dữ liệu cá nhân trẻ em, cần được bảo vệ nghiêm ngặt. Các tổ chức phải có biện pháp bảo vệ phù hợp và chỉ thu thập, xử lý dữ liệu này khi có sự đồng ý rõ ràng của cá nhân hoặc người đại diện hợp pháp.",B,"Answer B provides a more comprehensive overview of the types of sensitive personal data and emphasizes the need for explicit consent, making it clearer and more relevant to the question.",B,"Answer A provides a more comprehensive overview of the regulations regarding sensitive personal data and children's data, including the requirement for explicit consent.",B
Cơ quan thực thi pháp luật có trách nhiệm gì trong việc bảo vệ dữ liệu cá nhân theo quy định của Nghị định này?,Không tìm thấy thông tin trong tài liệu.,Cơ quan thực thi pháp luật có trách nhiệm giám sát và đảm bảo việc thực hiện các quy định về bảo vệ dữ liệu cá nhân theo Nghị định này và pháp luật liên quan.,B,"Answer B provides a clear and accurate description of the responsibilities of law enforcement agencies regarding personal data protection, while Answer A lacks any relevant information.",B,"Answer A provides a relevant and accurate response regarding the responsibilities of law enforcement agencies in protecting personal data, while Answer B fails to address the question.",B
Chuyển dữ liệu cá nhân ra nước ngoài phải đáp ứng điều kiện gì và mục đích chuyển dữ liệu là gì theo quy định?,"Chuyển dữ liệu cá nhân ra nước ngoài phải đáp ứng các điều kiện sau: 

1. Chủ thể dữ liệu đã được thông báo và đồng ý về việc chuyển dữ liệu cá nhân của mình ra nước ngoài.
2. Hoạt động chuyển dữ liệu phải thực hiện đúng với mục đích đã được chủ thể dữ liệu đồng ý.
3. Bên Kiểm soát dữ liệu cá nhân phải lập và lưu giữ hồ sơ đánh giá tác động chuyển dữ liệu.

Mục đích chuyển dữ liệu là phải đúng với mục đích mà chủ thể dữ liệu đã đồng ý.","Chuyển dữ liệu cá nhân ra nước ngoài phải đáp ứng các điều kiện sau: có sự đồng ý của chủ thể dữ liệu, thực hiện đúng mục đích đã đồng ý, lập hồ sơ đánh giá tác động và nộp cho Bộ Công an sau lần chuyển đầu tiên. Mục đích chuyển dữ liệu là theo sự đồng ý của chủ thể dữ liệu.",A,"Answer A provides a clearer and more detailed explanation of the conditions for transferring personal data abroad, while Answer B includes an additional requirement that is not universally applicable.",A,"Answer B provides a clearer and more detailed breakdown of the conditions for transferring personal data, enhancing both clarity and relevance.",A
"What rights does a data subject have regarding their personal data, specifically in terms of consent and the right to object to data processing?","Chủ thể dữ liệu có quyền đồng ý hoặc không đồng ý cho phép xử lý dữ liệu cá nhân của mình và có quyền rút lại sự đồng ý. Ngoài ra, họ cũng có quyền khiếu nại, tố cáo, khởi kiện liên quan đến việc xử lý dữ liệu cá nhân.","A data subject has the right to consent or refuse consent for the processing of their personal data, except in cases specified in Article 17 of the decree. Additionally, they have the right to access their data to view, edit, or request edits to it.",A,"Answer A provides a comprehensive overview of the rights related to consent and the right to object, while Answer B lacks detail on the right to object and introduces irrelevant information about accessing data.",A,"Answer B provides a more comprehensive overview of the rights related to consent and includes the right to withdraw consent and to complain, which are relevant to the question.",A
"What types of sensitive personal data are included in the regulations, and how does the treatment of children's personal data differ from other sensitive data?","Các loại dữ liệu cá nhân nhạy cảm bao gồm: thông tin về đời sống riêng tư, tôn giáo, hồ sơ bệnh án và sức khỏe, nguồn gốc chủng tộc, dân tộc, đặc điểm di truyền, thuộc tính sinh học riêng, đời sống tình dục, dữ liệu tội phạm, thông tin khách hàng tổ chức tín dụng, dữ liệu vị trí định vị, và dữ liệu cá nhân trẻ em. 

Dữ liệu cá nhân trẻ em được coi là nhạy cảm và cần được bảo vệ đặc biệt, tương tự như các loại dữ liệu nhạy cảm khác, nhưng có thể yêu cầu các biện pháp bảo vệ cao hơn do tính chất đặc biệt của trẻ em.","The regulations include sensitive personal data such as political opinions, religious beliefs, medical records, racial or ethnic origin, genetic characteristics, biological attributes, sexual life, criminal data, customer information from credit institutions, location data, and children's personal data. The treatment of children's personal data is typically subject to stricter protections compared to other sensitive data due to the vulnerability of minors.",tie,"Both answers accurately list the types of sensitive personal data and explain the special treatment of children's data, with similar levels of clarity and relevance.",B,Answer A provides a clear and comprehensive list of sensitive personal data while also explaining the stricter protections for children's data in a concise manner.,tie
What are the legal regulations regarding the processing of personal data and the responsibilities of data controllers in Vietnam?,Không tìm thấy thông tin trong tài liệu.,"The legal regulations regarding the processing of personal data in Vietnam, as outlined in the document, emphasize the protection of personal data for public interest and the authority of the state. Data controllers are responsible for ensuring the safety of individuals' lives and health, fulfilling public interest tasks, and exercising their assigned state powers while serving legitimate activities.",B,"Answer B provides relevant and accurate information regarding legal regulations and responsibilities of data controllers in Vietnam, while Answer A lacks any information.",B,"Answer A provides relevant and factual information regarding the legal regulations and responsibilities of data controllers in Vietnam, while Answer B does not provide any information.",B
