question_id,question,answer_a,answer_b
1,"What rights does a data subject have regarding their personal data, specifically in terms of consent and the right to object to data processing?","Chủ thể dữ liệu có quyền đồng ý hoặc không đồng ý cho phép xử lý dữ liệu cá nhân của mình và có quyền rút lại sự đồng ý. Ngoài ra, họ cũng có quyền khiếu nại, tố cáo, khởi kiện liên quan đến việc xử lý dữ liệu cá nhân.","A data subject has the right to consent or refuse consent for the processing of their personal data, except in cases specified in Article 17 of the decree. Additionally, they have the right to access their data to view, edit, or request edits to it."
2,What are the responsibilities of Bên Kiểm soát dữ liệu cá nhân according to the regulations on personal data protection?,"Bên Kiểm soát dữ liệu cá nhân có trách nhiệm thực hiện các quy định tại Nghị định này và pháp luật liên quan đến bảo vệ dữ liệu cá nhân, bảo vệ tính mạng, sức khỏe của chủ thể dữ liệu hoặc người khác, đáp ứng yêu cầu vì lợi ích công cộng, và thực hiện quyền hạn nhà nước được giao.",Bên Kiểm soát dữ liệu cá nhân có trách nhiệm thực hiện các quy định tại Nghị định và pháp luật liên quan đến bảo vệ dữ liệu cá nhân.
3,Làm thế nào các cơ quan thực thi pháp luật có thể ảnh hưởng đến việc bảo vệ dữ liệu cá nhân theo quy định trong Nghị định này?,Không tìm thấy thông tin trong tài liệu.,"Các cơ quan thực thi pháp luật có thể ảnh hưởng đến việc bảo vệ dữ liệu cá nhân theo quy định trong Nghị định này thông qua việc thực hiện các trách nhiệm bảo vệ dữ liệu cá nhân, đảm bảo tuân thủ các quy định về xử lý và bảo mật thông tin cá nhân, cũng như giám sát và xử lý các vi phạm liên quan đến dữ liệu cá nhân."
4,What are the requirements for transferring personal data of Vietnamese citizens abroad according to Cục An ninh mạng?,"Các yêu cầu để chuyển dữ liệu cá nhân của công dân Việt Nam ra nước ngoài bao gồm: 

1. Chủ thể dữ liệu phải được thông báo và đồng ý về việc chuyển dữ liệu.
2. Hoạt động chuyển dữ liệu phải thực hiện đúng mục đích đã đồng ý.
3. Cần lập hồ sơ đánh giá tác động và nộp cho Bộ Công an sau lần chuyển đầu tiên.","According to Cục An ninh mạng, the requirements for transferring personal data of Vietnamese citizens abroad include:

1. The data subject must be informed and consent to the transfer of their personal data.
2. The transfer activity must comply with relevant regulations."
5,Sự đồng ý là gì trong bối cảnh xử lý dữ liệu cá nhân?,"Sự đồng ý trong bối cảnh xử lý dữ liệu cá nhân là sự thể hiện rõ ràng, tự nguyện, cụ thể, có thông tin và không mơ hồ của chủ thể dữ liệu về việc cho phép xử lý dữ liệu cá nhân của họ.","Sự đồng ý trong bối cảnh xử lý dữ liệu cá nhân là sự thể hiện rõ ràng, tự nguyện, cụ thể, có thông tin và không mơ hồ của chủ thể dữ liệu về việc cho phép xử lý dữ liệu cá nhân của họ."
6,Bên Xử lý dữ liệu cá nhân là gì và vai trò của nó trong việc xử lý dữ liệu?,"Bên Xử lý dữ liệu cá nhân là tổ chức, cá nhân thực hiện việc xử lý dữ liệu thay mặt cho Bên Kiểm soát dữ liệu, thông qua một hợp đồng hoặc thỏa thuận. Vai trò của nó là thực hiện các hoạt động xử lý dữ liệu theo chỉ đạo của Bên Kiểm soát dữ liệu.","Bên Xử lý dữ liệu cá nhân là tổ chức hoặc cá nhân thực hiện việc xử lý dữ liệu cá nhân thay mặt cho Bên Kiểm soát dữ liệu, thông qua hợp đồng hoặc thỏa thuận. Vai trò của nó là đảm bảo việc xử lý dữ liệu diễn ra theo đúng mục đích và phương tiện đã định, góp phần bảo vệ dữ liệu cá nhân."
7,"What types of sensitive personal data are included in the regulations, and how does the treatment of children's personal data differ from other sensitive data?","Các loại dữ liệu cá nhân nhạy cảm bao gồm: thông tin về đời sống riêng tư, tôn giáo, hồ sơ bệnh án và sức khỏe, nguồn gốc chủng tộc, dân tộc, đặc điểm di truyền, thuộc tính sinh học riêng, đời sống tình dục, dữ liệu tội phạm, thông tin khách hàng tổ chức tín dụng, dữ liệu vị trí định vị, và dữ liệu cá nhân trẻ em. 

Dữ liệu cá nhân trẻ em được coi là nhạy cảm và cần được bảo vệ đặc biệt, tương tự như các loại dữ liệu nhạy cảm khác, nhưng có thể yêu cầu các biện pháp bảo vệ cao hơn do tính chất đặc biệt của trẻ em.","The regulations include sensitive personal data such as political opinions, religious beliefs, medical records, racial or ethnic origin, genetic characteristics, biological attributes, sexual life, criminal data, customer information from credit institutions, location data, and children's personal data. The treatment of children's personal data is typically subject to stricter protections compared to other sensitive data due to the vulnerability of minors."
8,Dữ liệu cá nhân nhạy cảm và dữ liệu cá nhân trẻ em có những quy định gì trong Nghị định về bảo vệ dữ liệu cá nhân?,"Dữ liệu cá nhân nhạy cảm phải được áp dụng các biện pháp bảo vệ cao hơn so với dữ liệu cá nhân thông thường và chỉ được xử lý sau khi có sự đồng ý của chủ thể dữ liệu, trừ các trường hợp quy định tại Điều 17. Dữ liệu cá nhân trẻ em cũng nằm trong danh sách các loại dữ liệu nhạy cảm cần được bảo vệ.","Nghị định về bảo vệ dữ liệu cá nhân quy định rằng dữ liệu cá nhân nhạy cảm, bao gồm thông tin về chủng tộc, tôn giáo, sức khỏe, đời sống tình dục, và dữ liệu cá nhân trẻ em, cần được bảo vệ nghiêm ngặt. Các tổ chức phải có biện pháp bảo vệ phù hợp và chỉ thu thập, xử lý dữ liệu này khi có sự đồng ý rõ ràng của cá nhân hoặc người đại diện hợp pháp."
9,Điều 11 nói gì về việc xử lý dữ liệu cá nhân?,"Điều 11 quy định rằng dữ liệu cá nhân được xử lý theo quy định của pháp luật, chủ thể dữ liệu được biết về việc xử lý dữ liệu của mình, và dữ liệu chỉ được xử lý đúng với mục đích đã xác định.","Điều 11 quy định rằng dữ liệu cá nhân phải được xử lý theo quy định của pháp luật, chủ thể dữ liệu phải được thông báo về việc xử lý dữ liệu của mình, trừ khi có quy định khác của luật, và dữ liệu chỉ được xử lý đúng với mục đích đã định."
10,Công ty ABC Việt Nam được thành lập khi nào?,Công ty Cổ phần Công nghệ ABC Việt Nam được thành lập vào ngày 15 tháng 03 năm 2015.,Thông tin về ngày thành lập của Công ty Cổ phần Công nghệ ABC Việt Nam không được cung cấp trong đoạn văn.
